{
  "project_info": {
    "project_number": "37233915641",
    "firebase_url": "https://secur-edc1e.firebaseio.com",
    "project_id": "secur-edc1e",
    "storage_bucket": "secur-edc1e.appspot.com"
  },
  "client": [
    {
      "client_info": {
        "mobilesdk_app_id": "1:37233915641:android:4c92c0ae8ee4fe37385428",
        "android_client_info": {
          "package_name": "com.example.locationbtaabhai"
        }
      },
      "oauth_client": [
        {
          "client_id": "37233915641-n6st58pm6ennjjlu00f0pdqqphima0dr.apps.googleusercontent.com",
          "client_type": 1,
          "android_info": {
            "package_name": "com.example.locationbtaabhai",
            "certificate_hash": "6ba03af8df9921aa47245d63a54a5d1ba6342bf7"
          }
        },
        {
          "client_id": "37233915641-p6634egabbo18lue1faadianhj9oe3sq.apps.googleusercontent.com",
          "client_type": 3
        }
      ],
      "api_key": [
        {
          "current_key": "AIzaSyAjD0SfmsfXvy0b7UwKs6NLOYLBRcOi91c"
        }
      ],
      "services": {
        "appinvite_service": {
          "other_platform_oauth_client": [
            {
              "client_id": "37233915641-p6634egabbo18lue1faadianhj9oe3sq.apps.googleusercontent.com",
              "client_type": 3
            }
          ]
        }
      }
    }
  ],
  "configuration_version": "1"
}