{
  "project_info": {
    "project_number": "48529727494",
    "firebase_url": "https://fir-48c22.firebaseio.com",
    "project_id": "fir-48c22",
    "storage_bucket": "fir-48c22.appspot.com"
  },
  "client": [
    {
      "client_info": {
        "mobilesdk_app_id": "1:48529727494:android:1298433714e3b2ef8ee387",
        "android_client_info": {
          "package_name": "com.example.locationbtaabhai"
        }
      },
      "oauth_client": [
        {
          "client_id": "48529727494-chuoeh2up1srd1fmdeqim0rmh9rgs1l8.apps.googleusercontent.com",
          "client_type": 3
        }
      ],
      "api_key": [
        {
          "current_key": "AIzaSyC5s4bOmBIWJHA4BsPEv1cxIlU8QK6S5Ug"
        }
      ],
      "services": {
        "appinvite_service": {
          "other_platform_oauth_client": [
            {
              "client_id": "48529727494-chuoeh2up1srd1fmdeqim0rmh9rgs1l8.apps.googleusercontent.com",
              "client_type": 3
            }
          ]
        }
      }
    }
  ],
  "configuration_version": "1"
}